层级,指标,定义与计算,统计边界与来源,实测结果或演算示例
北极星,每周有效采用需求数,自然周首次采用且仍有效的 task_id 去重数；单位：个,production，按北京时间自然周；逐图反馈关联任务,"实测：尚无合格正式样本。
演算示例：20 个需求中 12 个首次有效采用，北极星＝12。"
转化,上传至受理转化率,至少一次受理的输入需求数 / 有效上传需求数,通过 input_id/input_revision 关联；先构建同一输入 cohort,实测：本批由测试器执行，不报告真实用户转化率。
交付,任务完整交付率,受理后 10 分钟内交齐全部请求候选且文件可读取的 job 数 / 正向已受理 job 数,候选数从请求读取；失败与部分交付进入分母。当前面板按数量计算；本批 9/10 另结合文件证据确认；正式数量＋可读口径待联合规则查询。,实测：9/10＝90.0%；部分交付 1/10。
交付,单张交付率,保存且可读取的成品数 / 实际生图请求数,按 concept + 调用次数核对；不以任务终态 succeeded 代替,实测：29/30＝96.7%。
离线核心,首轮可采用任务率,首个 job 的 V1 至少一张通过人工门槛且确认采用的需求数 / 首轮正向需求数,技术失败计分母；存在待评需求时不发布最终率,"实测：10 个需求待完成正式判定。
演算示例：8/20＝40.0%。"
质量,商品事实错误率,存在主体、品牌、包装、规格或数量错误的图片数 / 已完成人工事实检查图片数,同步公布人工事实检查覆盖率；严重事实错误否决采用,实测：待正式人工核验；AI 预审发现 C06 主体裁切。
质量,三方向差异达标率,全部候选完成比较且差异达标的组数 / 已完成差异评审的完整组数,场景、构图、配色、信息层级中至少两项实质变化；部分交付另列,"实测：尚无正式整组评分。
演算示例：14/19＝73.7%。"
覆盖,人工视觉评审覆盖率,完成人工三道门槛及设计评分的图片数 / 已交付图片数,按最新图片版本统计；AI 视觉预审不计人工,实测：0/29；质量通过率与采用率未定。
效率,评测端到端耗时,图片预处理开始至保存、读取及规则检查结束的 duration_ms,本批正向 n＝10，含部分交付；最近秩法，单位：秒,实测：P50 102.8；P95 188.3；平均 111.7。
效率,首次可见结果耗时,首个 result_viewed 的 received_at − job.created_at,加载成功且进入可见区域才上报；报 P50/P90 与样本数,实测：未形成用户首屏时延基线；不复用上行评测耗时。
行为,导出请求转化率,发起导出的已展示 task 数 / 已展示 task 数,相同 cohort 按 task 去重；请求、保存到磁盘、采用、投放分开,实测：暂无本批用户导出漏斗。
成本,单位采用需求成本,同 cohort 全部分析/生图/失败/重试/存储成本 / 有效采用需求数,实际账单与估算分开；未出账或采用分母为 0 时不计算,"实测：费用待账单核对。
演算示例：15.84 元 / 12＝1.32 元/需求。"
效率,采用素材修改时长,最终被采用的素材的实际修改分钟数；报均值与分布,修改计时不等于主观预估；不同版本留存,"实测：未采集。
演算示例：每个采用需求选定 1 张成品；12 张共修改 45 分钟，均值 3.8 分钟/张。"
价值,任务节省时长,同输入、同交付要求下人工工时 − AI 辅助总工时,AI 总时长含准备、等待、重试与修改；用配对任务对照,"实测：待人工对照。
演算示例：40 − 6＝34 分钟，节省 85%。"
