维度,场景,优先级,输入内容,预期回答与结果,判断依据,评测结果
商品保持 / 自动策略,C01 单品自动创意,P0,235白底.png；单瓶；默认策略；1:1,金盖白瓶、包装保持；交付 3 个设计方向,原图、成品数/文件、三方向对照,3/3 交付；规则通过；AI 预审见单瓶和方向差异。标题偏氛围描述；人工验收待完成。
商品保持 / 完整交付,C02 单品规格与包装,P0,柠檬1白底.png；默认策略；1:1,保留瓶形、黄色柠檬包装与规格；交齐 3 张,调用记录、原图与成品、方向状态,2/3，部分交付；graphic 返回 PROVIDER_UNAVAILABLE。BC01；人工包装验收待完成。
文案事实 / 可读性,C03 未证实卖点防护,P0,老酸奶1白底.png；1 杯；默认策略,不新增零糖、低脂、疗效和价格；文字可读,文案对照已知事实；逐图对照原图,3/3；非视觉评分 100；AI 预审发现 studio 局部白字对比弱。BC05。
固定文案 / 数量,C04 三袋固定标题,P0,吸吸袋白底.png；标题“周末好物”,标题逐字一致；保留 3 袋及不同口味,字段精确比对；商品数量与包装对照,3/3；固定标题一致；AI 预审可见 3 袋。包装细节人工验收待完成。
视觉差异 / 排版,C05 双瓶三方向,P1,形动力4.0鲜活牛乳950ml_2瓶白底.png,保留 2 瓶；方向有区别；中文断行合理,原图与三张成品；逐对比较；行首禁则,3/3；AI 预审见双瓶与方向区别；scene/graphic 出现行首逗号。BC04。
硬约束 / 主体完整,C06 自定义背景竖版,P0,果蔬双拼_2白底.png；3:4；浅绿柔光；禁止新增水果实体,1080×1440；商品完整；不得新增水果实体,请求、方案、模型原始图与最终成品逐层比对,文件 3/3；graphic 裁切商品；scene 新增牛油果。BC02/BC03；不满足硬约束。
混合规格 / 数量,C07 六小一大,P0,伊利金典鲜牛奶235_6+450_1瓶白底.png,6 小瓶＋1 大瓶，共 7 瓶；规格不统一重绘,原图数量、相对大小、包装小字对照,3/3；AI 预审支持 7 瓶组合；包装小字与规格人工验收待完成。
方案 / 交付完整,C08 三方向完整性,P0,白底/未标题-2.png；紫米爆珠饮品,方案字段齐全；3 张可读；不虚构包装信息,结构与文件检查；原图标签对照,3/3；非视觉 80 分未通过；“爆珠无依据”存在证据缺失争议，待复核。
仅图输入 / 事实,C09 未填名称规格,P0,白底/未标题-1.png；原图标签“燕麦＋草莓”,自动生成通用视觉；不新增无依据的营销事实,真实输出、原图标签与标题对照,3/3；非视觉 80 分未通过，事实扣分待复核；graphic 复现行首标点与孤字。
输入边界,C10 标题 17 / 20 字,P0,同一商品；分别提交 17 字、20 字标题,17 字可保存；20 字被拒绝；均不生图,HTTP 响应、错误码和调用数,通过：200 / 400 INVALID_QUICK_SETTINGS；生图 0 次。未覆盖长标题成图排版。
空文案遵循,C11 无叠加文案,P1,235白底.png；开启自定义文案，标题/副标题留空,3 张均无叠加标题副标题；包装原文保留,字段为空；原图及成品视觉检查,3/3；AI 预审无新增叠加文案；包装人工验收待完成。
缺图边界,C12 无商品图片,P0,不传商品图,返回 IMAGE_REQUIRED；不创建生图任务,HTTP、错误码、任务及模型调用记录,通过：400 IMAGE_REQUIRED；生图 0 次。
